"id","over_draft","credit_usage","credit_history","purpose","current_balance","Average_Credit_Balance","employment","location","personal_status","other_parties","residence_since","property_magnitude","cc_age","other_payment_plans","housing","existing_credits","job","num_dependents","own_telephone","foreign_worker","class"
2,"0<=X<200",48,"existing paid","radio/tv",5951,"<100","1<=X<4",2,"female div/dep/mar","none",2,"real estate",22,"none","own",1,"skilled",1,"none","yes","bad"
5,"<0",24,"delayed previously","new car",4870,"<100","1<=X<4",3,"male single","none",4,"no known property",53,"none","for free",2,"skilled",2,"none","yes","bad"
10,"0<=X<200",30,"critical/other existing credit","new car",5234,"<100","unemployed",4,"male mar/wid","none",2,"car",28,"none","own",2,"high qualif/self emp/mgmt",1,"none","yes","bad"
11,"0<=X<200",12,"existing paid","new car",1295,"<100","<1",3,"female div/dep/mar","none",1,"car",25,"none","rent",1,"skilled",1,"none","yes","bad"
12,"<0",48,"existing paid","business",4308,"<100","<1",3,"female div/dep/mar","none",4,"life insurance",24,"none","rent",1,"skilled",1,"none","yes","bad"
14,"<0",24,"critical/other existing credit","new car",1199,"<100",">=7",4,"male single","none",4,"car",60,"none","own",2,"unskilled resident",1,"none","yes","bad"
16,"<0",24,"existing paid","radio/tv",1282,"100<=X<500","1<=X<4",4,"female div/dep/mar","none",2,"car",32,"none","own",1,"unskilled resident",1,"none","yes","bad"
19,"0<=X<200",24,"existing paid","used car",12579,"<100",">=7",4,"female div/dep/mar","none",2,"no known property",44,"none","for free",1,"high qualif/self emp/mgmt",1,"yes","yes","bad"
30,"<0",60,"delayed previously","business",6836,"<100",">=7",3,"male single","none",4,"no known property",63,"none","own",2,"skilled",1,"yes","yes","bad"
36,"0<=X<200",45,"critical/other existing credit","radio/tv",4746,"<100","<1",4,"male single","none",2,"life insurance",25,"none","own",2,"unskilled resident",1,"none","yes","bad"
38,">=200",18,"existing paid","radio/tv",2100,"<100","1<=X<4",4,"male single","co applicant",2,"real estate",37,"stores","own",1,"skilled",1,"none","yes","bad"
45,"<0",48,"critical/other existing credit","used car",6143,"<100",">=7",4,"female div/dep/mar","none",4,"no known property",58,"stores","for free",2,"unskilled resident",1,"none","yes","bad"
55,"0<=X<200",36,"delayed previously","new car",2225,"<100",">=7",4,"male single","none",4,"no known property",57,"bank","for free",2,"skilled",1,"yes","yes","bad"
57,"0<=X<200",12,"existing paid","radio/tv",6468,"no known savings","unemployed",2,"male single","none",1,"no known property",52,"none","own",1,"high qualif/self emp/mgmt",1,"yes","yes","bad"
60,"<0",36,"critical/other existing credit","furniture/equipment",6229,"<100","<1",4,"female div/dep/mar","co applicant",4,"no known property",23,"none","rent",2,"unskilled resident",1,"yes","yes","bad"
63,"0<=X<200",36,"no credits/all paid","business",1953,"<100",">=7",4,"male single","none",4,"no known property",61,"none","for free",1,"high qualif/self emp/mgmt",1,"yes","yes","bad"
64,"0<=X<200",48,"no credits/all paid","business",14421,"<100","1<=X<4",2,"male single","none",2,"car",25,"none","own",1,"skilled",1,"yes","yes","bad"
69,"no checking",36,"existing paid","education",1819,"<100","1<=X<4",4,"male single","none",4,"no known property",37,"stores","for free",1,"skilled",1,"yes","yes","bad"
75,"<0",36,"existing paid","education",1977,"no known savings",">=7",4,"male single","none",4,"no known property",40,"none","own",1,"high qualif/self emp/mgmt",1,"yes","yes","bad"
77,"<0",42,"existing paid","radio/tv",3965,"<100","<1",4,"male single","none",3,"car",34,"none","own",1,"skilled",1,"none","yes","bad"
81,"no checking",24,"existing paid","radio/tv",5943,"no known savings","<1",1,"female div/dep/mar","none",1,"car",44,"none","own",2,"skilled",1,"yes","yes","bad"
88,"0<=X<200",36,"existing paid","education",12612,"100<=X<500","1<=X<4",1,"male single","none",4,"no known property",47,"none","for free",1,"skilled",2,"yes","yes","bad"
90,"<0",12,"no credits/all paid","repairs",1108,"<100","4<=X<7",4,"male single","none",3,"real estate",28,"none","own",2,"skilled",1,"none","yes","bad"
93,"no checking",12,"critical/other existing credit","radio/tv",797,"no known savings",">=7",4,"female div/dep/mar","none",3,"life insurance",33,"bank","own",1,"unskilled resident",2,"none","yes","bad"
96,"0<=X<200",54,"no credits/all paid","business",15945,"<100","<1",3,"male single","none",4,"no known property",58,"none","rent",1,"skilled",1,"yes","yes","bad"
106,"0<=X<200",24,"critical/other existing credit","other",11938,"<100","1<=X<4",2,"male single","co applicant",3,"car",39,"none","own",2,"high qualif/self emp/mgmt",2,"yes","yes","bad"
107,"no checking",18,"all paid","new car",6458,"<100",">=7",2,"male single","none",4,"no known property",39,"bank","own",2,"high qualif/self emp/mgmt",2,"yes","yes","bad"
114,"no checking",36,"critical/other existing credit","new car",7855,"<100","1<=X<4",4,"female div/dep/mar","none",2,"real estate",25,"stores","own",2,"skilled",1,"yes","yes","bad"
117,"<0",42,"existing paid","radio/tv",7174,"no known savings","4<=X<7",4,"female div/dep/mar","none",3,"car",30,"none","own",1,"high qualif/self emp/mgmt",1,"yes","yes","bad"
119,"<0",33,"critical/other existing credit","furniture/equipment",4281,"500<=X<1000","1<=X<4",1,"female div/dep/mar","none",4,"car",23,"none","own",2,"skilled",1,"none","yes","bad"
121,"<0",21,"existing paid","radio/tv",1835,"<100","1<=X<4",3,"female div/dep/mar","none",2,"real estate",25,"none","own",2,"skilled",1,"yes","yes","bad"
125,"0<=X<200",18,"existing paid","furniture/equipment",1924,"no known savings","<1",4,"female div/dep/mar","none",3,"real estate",27,"none","rent",1,"skilled",1,"none","yes","bad"
128,"0<=X<200",12,"existing paid","repairs",639,"<100","1<=X<4",4,"male single","none",2,"car",30,"none","own",1,"skilled",1,"none","yes","bad"
130,"<0",12,"critical/other existing credit","new car",3499,"<100","1<=X<4",3,"female div/dep/mar","co applicant",2,"real estate",29,"none","own",2,"skilled",1,"none","yes","bad"
132,"<0",36,"delayed previously","education",6887,"<100","1<=X<4",4,"male single","none",3,"life insurance",29,"stores","own",1,"skilled",1,"yes","yes","bad"
138,"0<=X<200",12,"existing paid","radio/tv",766,"500<=X<1000","1<=X<4",4,"male single","none",3,"real estate",66,"none","own",1,"unskilled resident",1,"none","yes","bad"
144,"<0",18,"existing paid","furniture/equipment",2462,"<100","1<=X<4",2,"male single","none",2,"car",22,"none","own",1,"skilled",1,"none","yes","bad"
156,"<0",12,"existing paid","furniture/equipment",1282,"<100","1<=X<4",2,"female div/dep/mar","none",4,"car",20,"none","rent",1,"skilled",1,"none","yes","bad"
167,"<0",18,"existing paid","furniture/equipment",1131,"<100","unemployed",4,"female div/dep/mar","none",2,"car",33,"none","own",1,"skilled",1,"none","yes","bad"
170,"0<=X<200",24,"critical/other existing credit","business",1935,"<100",">=7",4,"male div/sep","none",4,"real estate",31,"none","own",2,"skilled",1,"yes","yes","bad"
171,"<0",15,"no credits/all paid","new car",950,"<100",">=7",4,"male single","none",3,"car",33,"none","rent",2,"skilled",2,"none","yes","bad"
173,"0<=X<200",24,"delayed previously","furniture/equipment",2064,"<100","unemployed",3,"female div/dep/mar","none",2,"life insurance",34,"none","own",1,"high qualif/self emp/mgmt",1,"yes","yes","bad"
175,"<0",21,"delayed previously","education",3414,"<100","<1",2,"male single","none",1,"life insurance",26,"none","own",2,"skilled",1,"none","yes","bad"
176,"no checking",30,"all paid","used car",7485,"no known savings","unemployed",4,"female div/dep/mar","none",1,"real estate",53,"bank","own",1,"high qualif/self emp/mgmt",1,"yes","yes","bad"
181,"no checking",36,"delayed previously","business",9572,"<100","<1",1,"male div/sep","none",1,"car",28,"none","own",2,"skilled",1,"none","yes","bad"
182,"0<=X<200",36,"delayed previously","business",4455,"<100","1<=X<4",2,"male div/sep","none",2,"real estate",30,"stores","own",2,"high qualif/self emp/mgmt",1,"yes","yes","bad"
183,"<0",21,"all paid","new car",1647,"no known savings","1<=X<4",4,"male single","none",2,"life insurance",40,"none","own",2,"unskilled resident",2,"none","yes","bad"
185,"0<=X<200",18,"critical/other existing credit","new car",884,"<100",">=7",4,"male single","none",4,"car",36,"bank","own",1,"skilled",2,"yes","yes","bad"
187,"0<=X<200",9,"all paid","used car",5129,"<100",">=7",2,"female div/dep/mar","none",4,"no known property",74,"bank","for free",1,"high qualif/self emp/mgmt",2,"yes","yes","bad"
189,"<0",12,"existing paid","radio/tv",674,"100<=X<500","4<=X<7",4,"male mar/wid","none",1,"life insurance",20,"none","own",1,"skilled",1,"none","yes","bad"
191,"no checking",24,"existing paid","business",4591,">=1000","1<=X<4",2,"male single","none",3,"life insurance",54,"none","own",3,"high qualif/self emp/mgmt",1,"yes","yes","bad"
192,"0<=X<200",48,"no credits/all paid","business",3844,"100<=X<500","4<=X<7",4,"male single","none",4,"no known property",34,"none","for free",1,"unskilled resident",2,"none","yes","bad"
193,"0<=X<200",27,"existing paid","business",3915,"<100","1<=X<4",4,"male single","none",2,"car",36,"none","own",1,"skilled",2,"yes","yes","bad"
195,"0<=X<200",45,"existing paid","radio/tv",3031,"100<=X<500","1<=X<4",4,"male single","guarantor",4,"life insurance",21,"none","rent",1,"skilled",1,"none","yes","bad"
196,"0<=X<200",9,"critical/other existing credit","education",1501,"<100",">=7",2,"female div/dep/mar","none",3,"car",34,"none","own",2,"high qualif/self emp/mgmt",1,"yes","yes","bad"
198,"0<=X<200",12,"existing paid","furniture/equipment",951,"100<=X<500","<1",4,"female div/dep/mar","none",4,"car",27,"bank","rent",4,"skilled",1,"none","yes","bad"
200,"0<=X<200",18,"delayed previously","furniture/equipment",4297,"<100",">=7",4,"male div/sep","none",3,"no known property",40,"none","own",1,"high qualif/self emp/mgmt",1,"yes","yes","bad"
204,"<0",12,"existing paid","retraining",902,"<100","4<=X<7",4,"male mar/wid","none",4,"life insurance",21,"none","rent",1,"skilled",1,"none","yes","bad"
213,"<0",27,"no credits/all paid","business",5293,"<100","unemployed",2,"male single","none",4,"life insurance",50,"stores","own",2,"skilled",1,"yes","yes","bad"
214,">=200",30,"delayed previously","business",1908,"<100",">=7",4,"male single","none",4,"real estate",66,"none","own",1,"high qualif/self emp/mgmt",1,"yes","yes","bad"
227,"0<=X<200",48,"existing paid","radio/tv",10961,">=1000","4<=X<7",1,"male single","co applicant",2,"no known property",27,"bank","own",2,"skilled",1,"yes","yes","bad"
228,"<0",12,"existing paid","furniture/equipment",7865,"<100",">=7",4,"male single","none",4,"no known property",53,"none","for free",1,"high qualif/self emp/mgmt",1,"yes","yes","bad"
229,"no checking",9,"existing paid","radio/tv",1478,"<100","4<=X<7",4,"male single","none",2,"car",22,"none","own",1,"skilled",1,"none","yes","bad"
231,">=200",36,"existing paid","radio/tv",4210,"<100","1<=X<4",4,"male single","none",2,"car",26,"none","own",1,"skilled",1,"none","yes","bad"
236,"<0",24,"existing paid","radio/tv",1823,"<100","unemployed",4,"male single","none",2,"car",30,"stores","own",1,"high qualif/self emp/mgmt",2,"none","yes","bad"
237,"0<=X<200",6,"existing paid","new car",14555,"no known savings","unemployed",1,"male single","none",2,"life insurance",23,"none","own",1,"unemp/unskilled non res",1,"yes","yes","bad"
238,"0<=X<200",21,"existing paid","business",2767,"100<=X<500",">=7",4,"male div/sep","none",2,"car",61,"bank","rent",2,"unskilled resident",1,"none","yes","bad"
241,"<0",24,"existing paid","new car",915,"no known savings",">=7",4,"female div/dep/mar","none",2,"car",29,"bank","own",1,"skilled",1,"none","yes","bad"
243,"<0",48,"no credits/all paid","used car",4605,"<100",">=7",3,"male single","none",4,"no known property",24,"none","for free",2,"skilled",2,"none","yes","bad"
250,"no checking",18,"existing paid","radio/tv",433,"<100","unemployed",3,"female div/dep/mar","co applicant",4,"real estate",22,"none","rent",1,"skilled",1,"none","yes","bad"
253,"0<=X<200",30,"existing paid","new car",2150,"<100","1<=X<4",4,"female div/dep/mar","guarantor",2,"no known property",24,"bank","own",1,"skilled",1,"none","yes","bad"
258,"<0",12,"all paid","radio/tv",2149,"<100","1<=X<4",4,"male div/sep","none",1,"no known property",29,"none","for free",1,"skilled",1,"none","yes","bad"
266,"0<=X<200",15,"existing paid","radio/tv",802,"<100",">=7",4,"male single","none",3,"car",37,"none","own",1,"skilled",2,"none","yes","bad"
269,"<0",14,"existing paid","new car",8978,"<100",">=7",1,"male div/sep","none",4,"life insurance",45,"none","own",1,"high qualif/self emp/mgmt",1,"yes","no","bad"
274,"0<=X<200",48,"existing paid","radio/tv",3060,"<100","4<=X<7",4,"male single","none",4,"real estate",28,"none","own",2,"skilled",1,"none","yes","bad"
275,"<0",30,"existing paid","repairs",11998,"<100","<1",1,"male div/sep","none",1,"no known property",34,"none","own",1,"unskilled resident",1,"yes","yes","bad"
279,"no checking",6,"existing paid","furniture/equipment",4611,"<100","<1",1,"female div/dep/mar","none",4,"life insurance",32,"none","own",1,"skilled",1,"none","yes","bad"
290,"<0",24,"delayed previously","radio/tv",1024,"<100","<1",4,"male mar/wid","none",4,"real estate",48,"stores","own",1,"skilled",1,"none","yes","bad"
292,"0<=X<200",36,"existing paid","used car",9398,"<100","<1",1,"male mar/wid","none",4,"car",28,"none","rent",1,"high qualif/self emp/mgmt",1,"yes","yes","bad"
296,"0<=X<200",48,"existing paid","furniture/equipment",9960,"<100","<1",1,"female div/dep/mar","none",2,"car",26,"none","own",1,"skilled",1,"yes","yes","bad"
302,"0<=X<200",36,"no credits/all paid","radio/tv",3804,"<100","1<=X<4",4,"female div/dep/mar","none",1,"car",42,"none","own",1,"skilled",1,"yes","yes","bad"
303,">=200",24,"critical/other existing credit","new car",1344,"no known savings","4<=X<7",4,"male single","none",2,"real estate",37,"bank","own",2,"unskilled resident",2,"none","yes","bad"
305,"no checking",48,"critical/other existing credit","new car",10127,"500<=X<1000","1<=X<4",2,"male single","none",2,"no known property",44,"bank","for free",1,"skilled",1,"none","yes","bad"
308,"<0",12,"existing paid","radio/tv",727,"100<=X<500","<1",4,"male mar/wid","none",3,"no known property",33,"none","own",1,"unskilled resident",1,"yes","yes","bad"
309,"0<=X<200",8,"existing paid","furniture/equipment",1237,"<100","1<=X<4",3,"female div/dep/mar","none",4,"real estate",24,"none","own",1,"skilled",1,"none","yes","bad"
314,"0<=X<200",12,"existing paid","new car",685,"<100","4<=X<7",2,"male mar/wid","none",3,"car",25,"bank","own",1,"unskilled resident",1,"none","yes","bad"
316,"<0",36,"all paid","furniture/equipment",2746,"<100",">=7",4,"male single","none",4,"car",31,"bank","own",1,"skilled",1,"none","yes","bad"
321,"0<=X<200",30,"critical/other existing credit","new car",4249,"<100","unemployed",4,"male mar/wid","none",2,"car",28,"none","own",2,"high qualif/self emp/mgmt",1,"none","yes","bad"
322,"<0",24,"existing paid","radio/tv",1938,"<100","<1",4,"male div/sep","none",3,"life insurance",32,"none","own",1,"skilled",1,"none","yes","bad"
332,"no checking",18,"critical/other existing credit","education",1864,"100<=X<500","1<=X<4",4,"female div/dep/mar","none",2,"real estate",30,"none","own",2,"skilled",1,"none","yes","bad"
333,"0<=X<200",60,"existing paid","new car",7408,"100<=X<500","<1",4,"female div/dep/mar","none",2,"life insurance",24,"none","own",1,"high qualif/self emp/mgmt",1,"none","yes","bad"
334,"no checking",48,"critical/other existing credit","used car",11590,"100<=X<500","1<=X<4",2,"female div/dep/mar","none",4,"car",24,"bank","rent",2,"unskilled resident",1,"none","yes","bad"
335,"<0",24,"no credits/all paid","furniture/equipment",4110,"<100",">=7",3,"male single","none",4,"no known property",23,"bank","rent",2,"skilled",2,"none","yes","bad"
336,"<0",6,"critical/other existing credit","furniture/equipment",3384,"<100","1<=X<4",1,"male div/sep","none",4,"real estate",44,"none","rent",1,"high qualif/self emp/mgmt",1,"yes","yes","bad"
338,"<0",15,"existing paid","domestic appliance",1275,"no known savings","1<=X<4",4,"female div/dep/mar","none",2,"car",24,"none","rent",1,"skilled",1,"none","yes","bad"
350,"0<=X<200",9,"critical/other existing credit","education",1136,">=1000",">=7",4,"male single","none",3,"no known property",32,"none","for free",2,"skilled",2,"none","yes","bad"
352,"0<=X<200",9,"existing paid","furniture/equipment",959,"<100","1<=X<4",1,"female div/dep/mar","none",2,"car",29,"none","own",1,"skilled",1,"none","no","bad"
354,"<0",12,"no credits/all paid","radio/tv",6199,"<100","1<=X<4",4,"male single","none",2,"life insurance",28,"none","rent",2,"skilled",1,"yes","yes","bad"
356,"0<=X<200",24,"existing paid","new car",1246,"<100","<1",4,"male single","none",2,"real estate",23,"stores","own",1,"unskilled resident",1,"none","yes","bad"
358,"no checking",36,"delayed previously","radio/tv",4463,"<100","1<=X<4",4,"male single","none",2,"car",26,"none","own",2,"high qualif/self emp/mgmt",1,"yes","yes","bad"
360,"<0",30,"existing paid","furniture/equipment",2406,"<100","4<=X<7",4,"female div/dep/mar","none",4,"real estate",23,"none","rent",1,"skilled",1,"none","yes","bad"
365,"<0",18,"existing paid","furniture/equipment",2473,"<100","unemployed",4,"male single","none",1,"car",25,"none","own",1,"unemp/unskilled non res",1,"none","yes","bad"
369,"<0",36,"existing paid","furniture/equipment",3446,"<100",">=7",4,"male single","none",2,"car",42,"none","own",1,"skilled",2,"none","yes","bad"
375,"0<=X<200",60,"all paid","other",14782,"100<=X<500",">=7",3,"female div/dep/mar","none",4,"no known property",60,"bank","for free",2,"high qualif/self emp/mgmt",1,"yes","yes","bad"
376,"<0",48,"all paid","business",7685,"<100","4<=X<7",2,"female div/dep/mar","guarantor",4,"car",37,"none","rent",1,"skilled",1,"none","yes","bad"
379,"0<=X<200",36,"existing paid","new car",14318,"<100",">=7",4,"male single","none",2,"no known property",57,"none","for free",1,"high qualif/self emp/mgmt",1,"yes","yes","bad"
382,"0<=X<200",18,"existing paid","used car",12976,"<100","unemployed",3,"female div/dep/mar","none",4,"no known property",38,"none","for free",1,"high qualif/self emp/mgmt",1,"yes","yes","bad"
399,"0<=X<200",12,"existing paid","new car",1223,"<100",">=7",1,"male div/sep","none",1,"real estate",46,"none","rent",2,"skilled",1,"none","yes","bad"
403,"no checking",24,"delayed previously","business",8648,"<100","<1",2,"male single","none",2,"car",27,"bank","own",2,"skilled",1,"yes","yes","bad"
406,"0<=X<200",24,"existing paid","radio/tv",2039,"<100","<1",1,"male mar/wid","none",1,"life insurance",22,"none","own",1,"skilled",1,"yes","yes","bad"
410,">=200",12,"critical/other existing credit","new car",939,"500<=X<1000","4<=X<7",4,"male mar/wid","none",2,"real estate",28,"none","own",3,"skilled",1,"yes","yes","bad"
413,"no checking",12,"critical/other existing credit","business",2292,"<100","unemployed",4,"male single","none",2,"car",42,"stores","own",2,"high qualif/self emp/mgmt",1,"yes","yes","bad"
415,"<0",24,"existing paid","new car",1381,"no known savings","1<=X<4",4,"female div/dep/mar","none",2,"life insurance",35,"none","own",1,"skilled",1,"none","yes","bad"
417,"<0",12,"existing paid","new car",2579,"<100","<1",4,"male single","none",1,"real estate",33,"none","own",1,"unskilled resident",2,"none","yes","bad"
420,"0<=X<200",18,"existing paid","new car",1042,"no known savings","1<=X<4",4,"female div/dep/mar","none",2,"life insurance",33,"none","own",1,"skilled",1,"none","yes","bad"
425,"0<=X<200",12,"existing paid","furniture/equipment",2762,"no known savings",">=7",1,"female div/dep/mar","none",2,"life insurance",25,"bank","own",1,"skilled",1,"yes","yes","bad"
430,"<0",18,"critical/other existing credit","repairs",1190,"<100","unemployed",2,"female div/dep/mar","none",4,"no known property",55,"none","for free",3,"unemp/unskilled non res",2,"none","yes","bad"
432,"0<=X<200",24,"existing paid","other",11328,"<100","1<=X<4",2,"male single","co applicant",3,"car",29,"bank","own",2,"high qualif/self emp/mgmt",1,"yes","yes","bad"
436,"0<=X<200",12,"existing paid","radio/tv",1484,"no known savings","1<=X<4",2,"male mar/wid","none",1,"real estate",25,"none","own",1,"skilled",1,"yes","yes","bad"
440,">=200",12,"all paid","business",609,"<100","<1",4,"female div/dep/mar","none",1,"real estate",26,"none","own",1,"unemp/unskilled non res",1,"none","yes","bad"
444,"no checking",12,"existing paid","education",719,"<100",">=7",4,"male single","none",4,"car",41,"bank","own",1,"unskilled resident",2,"none","yes","bad"
445,"0<=X<200",48,"critical/other existing credit","furniture/equipment",5096,"<100","1<=X<4",2,"female div/dep/mar","none",3,"car",30,"none","own",1,"high qualif/self emp/mgmt",1,"yes","yes","bad"
447,"<0",36,"existing paid","new car",1842,"<100","<1",4,"female div/dep/mar","none",4,"car",34,"none","own",1,"skilled",1,"yes","yes","bad"
450,"0<=X<200",15,"delayed previously","repairs",1512,">=1000","1<=X<4",3,"male mar/wid","none",3,"life insurance",61,"stores","own",2,"skilled",1,"none","yes","bad"
455,"<0",24,"existing paid","new car",4817,"<100","4<=X<7",2,"male single","co applicant",3,"life insurance",31,"none","own",1,"skilled",1,"yes","yes","bad"
458,"<0",12,"existing paid","used car",3386,"<100",">=7",3,"male single","none",4,"no known property",35,"none","for free",1,"skilled",1,"yes","yes","bad"
467,"<0",24,"delayed previously","radio/tv",1659,"<100","<1",4,"female div/dep/mar","none",2,"car",29,"none","rent",1,"unskilled resident",1,"yes","yes","bad"
471,"0<=X<200",24,"existing paid","radio/tv",3092,"100<=X<500","<1",3,"male mar/wid","none",2,"car",22,"none","rent",1,"skilled",1,"yes","yes","bad"
472,"<0",6,"existing paid","education",448,"<100","<1",4,"female div/dep/mar","none",4,"life insurance",23,"none","own",1,"skilled",1,"none","yes","bad"
473,"<0",9,"existing paid","new car",654,"<100","1<=X<4",4,"male single","none",3,"car",28,"none","own",1,"unskilled resident",1,"none","yes","bad"
475,"0<=X<200",18,"critical/other existing credit","radio/tv",1245,"<100","1<=X<4",4,"male mar/wid","none",2,"car",33,"none","own",1,"skilled",1,"none","yes","bad"
476,"<0",18,"no credits/all paid","furniture/equipment",3114,"<100","<1",1,"female div/dep/mar","none",4,"life insurance",26,"none","rent",1,"skilled",1,"none","yes","bad"
486,"0<=X<200",6,"delayed previously","new car",1209,"<100","unemployed",4,"male single","none",4,"life insurance",47,"none","own",1,"high qualif/self emp/mgmt",1,"yes","yes","bad"
492,"0<=X<200",27,"no credits/all paid","business",8318,"<100",">=7",2,"female div/dep/mar","none",4,"no known property",42,"none","for free",2,"high qualif/self emp/mgmt",1,"yes","yes","bad"
496,"<0",24,"existing paid","furniture/equipment",2996,"no known savings","1<=X<4",2,"male mar/wid","none",4,"car",20,"none","own",1,"skilled",1,"none","yes","bad"
497,"0<=X<200",36,"existing paid","furniture/equipment",9034,"100<=X<500","<1",4,"male single","co applicant",1,"no known property",29,"none","rent",1,"high qualif/self emp/mgmt",1,"yes","yes","bad"
501,"<0",24,"existing paid","new car",3123,"<100","<1",4,"female div/dep/mar","none",1,"life insurance",27,"none","own",1,"skilled",1,"none","yes","bad"
504,"0<=X<200",24,"critical/other existing credit","radio/tv",1216,"100<=X<500","<1",4,"male single","none",4,"no known property",38,"bank","own",2,"skilled",2,"none","yes","bad"
505,"<0",24,"existing paid","new car",1207,"<100","<1",4,"female div/dep/mar","none",4,"life insurance",24,"none","rent",1,"skilled",1,"none","yes","bad"
506,"no checking",10,"existing paid","new car",1309,"no known savings","1<=X<4",4,"male single","guarantor",4,"life insurance",27,"none","own",1,"unskilled resident",1,"none","yes","bad"
508,"0<=X<200",15,"all paid","new car",6850,"100<=X<500","unemployed",1,"male single","none",2,"life insurance",34,"none","own",1,"high qualif/self emp/mgmt",2,"yes","yes","bad"
511,"<0",12,"existing paid","new car",759,"<100","4<=X<7",4,"male single","none",2,"real estate",26,"none","own",1,"skilled",1,"none","yes","bad"
518,"no checking",36,"critical/other existing credit","furniture/equipment",7127,"<100","<1",2,"female div/dep/mar","none",4,"life insurance",23,"none","rent",2,"skilled",1,"yes","yes","bad"
522,"<0",18,"existing paid","radio/tv",3190,"<100","1<=X<4",2,"female div/dep/mar","none",2,"real estate",24,"none","own",1,"skilled",1,"none","yes","bad"
523,"<0",48,"no credits/all paid","furniture/equipment",7119,"<100","1<=X<4",3,"male single","none",4,"no known property",53,"none","for free",2,"skilled",2,"none","yes","bad"
529,"<0",36,"existing paid","radio/tv",2302,"<100","1<=X<4",4,"male div/sep","none",4,"car",31,"none","rent",1,"skilled",1,"none","yes","bad"
532,"0<=X<200",15,"existing paid","new car",2631,"100<=X<500","1<=X<4",2,"female div/dep/mar","none",4,"car",28,"none","rent",2,"skilled",1,"yes","yes","bad"
536,">=200",21,"critical/other existing credit","education",2319,"<100","<1",2,"male div/sep","none",1,"car",33,"none","rent",1,"skilled",1,"none","yes","bad"
539,"<0",48,"existing paid","new car",7763,"<100",">=7",4,"male single","none",4,"no known property",42,"bank","for free",1,"high qualif/self emp/mgmt",1,"none","yes","bad"
541,"0<=X<200",12,"existing paid","radio/tv",1534,"<100","<1",1,"male mar/wid","none",1,"real estate",23,"none","rent",1,"skilled",1,"none","yes","bad"
543,"<0",30,"existing paid","furniture/equipment",6350,"no known savings",">=7",4,"male single","none",4,"life insurance",31,"none","own",1,"skilled",1,"none","yes","bad"
544,">=200",18,"existing paid","furniture/equipment",2864,"<100","1<=X<4",2,"male single","none",1,"real estate",34,"none","own",1,"unskilled resident",2,"none","yes","bad"
546,"<0",24,"delayed previously","new car",1333,"<100","unemployed",4,"male single","none",2,"real estate",43,"none","for free",2,"skilled",2,"none","yes","bad"
549,"<0",12,"all paid","radio/tv",626,"<100","1<=X<4",4,"female div/dep/mar","none",4,"real estate",24,"bank","own",1,"unskilled resident",1,"none","yes","bad"
553,"<0",48,"existing paid","radio/tv",6999,"<100","4<=X<7",1,"male mar/wid","guarantor",1,"real estate",34,"none","own",2,"skilled",1,"yes","yes","bad"
556,"0<=X<200",12,"existing paid","radio/tv",1331,"<100","<1",2,"male single","none",1,"car",22,"stores","own",1,"skilled",1,"none","yes","bad"
557,"0<=X<200",18,"no credits/all paid","new car",2278,"100<=X<500","<1",3,"female div/dep/mar","none",3,"car",28,"none","own",2,"skilled",1,"none","yes","bad"
558,"no checking",21,"no credits/all paid","new car",5003,"no known savings","1<=X<4",1,"female div/dep/mar","none",4,"life insurance",29,"bank","own",2,"skilled",1,"yes","yes","bad"
559,"<0",24,"all paid","furniture/equipment",3552,"<100","4<=X<7",3,"male single","none",4,"car",27,"bank","own",1,"skilled",1,"none","yes","bad"
560,"0<=X<200",18,"critical/other existing credit","furniture/equipment",1928,"<100","<1",2,"male single","none",2,"real estate",31,"none","own",2,"unskilled resident",1,"none","yes","bad"
562,"<0",24,"all paid","radio/tv",1546,"<100","4<=X<7",4,"male single","guarantor",4,"car",24,"bank","rent",1,"unskilled resident",1,"none","yes","bad"
564,"0<=X<200",36,"existing paid","new car",12389,"no known savings","1<=X<4",1,"male single","none",4,"no known property",37,"none","for free",1,"skilled",1,"yes","yes","bad"
567,"<0",12,"existing paid","new car",1372,"<100","4<=X<7",2,"male div/sep","none",3,"car",36,"none","own",1,"skilled",1,"none","yes","bad"
570,"<0",48,"existing paid","radio/tv",6758,"<100","1<=X<4",3,"female div/dep/mar","none",2,"car",31,"none","own",1,"skilled",1,"yes","yes","bad"
571,"<0",24,"existing paid","furniture/equipment",3234,"<100","<1",4,"female div/dep/mar","none",4,"real estate",23,"none","rent",1,"unskilled resident",1,"yes","yes","bad"
579,"0<=X<200",36,"critical/other existing credit","new car",2820,"<100","<1",4,"male div/sep","none",4,"car",27,"none","own",2,"skilled",1,"none","yes","bad"
581,"0<=X<200",18,"critical/other existing credit","new car",1056,"<100",">=7",3,"male single","guarantor",3,"real estate",30,"bank","own",2,"skilled",1,"none","yes","bad"
584,"0<=X<200",36,"existing paid","repairs",2384,"<100","<1",4,"male single","none",1,"no known property",33,"none","rent",1,"unskilled resident",1,"none","yes","bad"
586,"<0",18,"existing paid","furniture/equipment",2039,"<100","1<=X<4",1,"female div/dep/mar","none",4,"real estate",20,"bank","rent",1,"skilled",1,"none","yes","bad"
589,"<0",18,"existing paid","domestic appliance",1217,"<100","1<=X<4",4,"male mar/wid","none",3,"real estate",47,"none","own",1,"unskilled resident",1,"yes","yes","bad"
590,"<0",12,"critical/other existing credit","furniture/equipment",2246,"<100",">=7",3,"male single","none",3,"life insurance",60,"none","own",2,"skilled",1,"none","yes","bad"
594,"0<=X<200",24,"existing paid","new car",2718,"<100","1<=X<4",3,"female div/dep/mar","none",4,"life insurance",20,"none","rent",1,"unskilled resident",1,"yes","yes","bad"
595,"<0",24,"all paid","other",1358,"no known savings",">=7",4,"male single","none",3,"car",40,"stores","own",1,"high qualif/self emp/mgmt",1,"yes","yes","bad"
596,"0<=X<200",6,"all paid","new car",931,"100<=X<500","<1",1,"female div/dep/mar","none",1,"life insurance",32,"stores","own",1,"unskilled resident",1,"none","yes","bad"
597,"<0",24,"existing paid","new car",1442,"<100","4<=X<7",4,"female div/dep/mar","none",4,"car",23,"none","rent",2,"skilled",1,"none","yes","bad"
598,"0<=X<200",24,"no credits/all paid","business",4241,"<100","1<=X<4",1,"male single","none",4,"real estate",36,"none","own",3,"unskilled resident",1,"yes","yes","bad"
599,"no checking",18,"critical/other existing credit","new car",2775,"<100","4<=X<7",2,"male single","none",2,"life insurance",31,"bank","own",2,"skilled",1,"none","yes","bad"
602,"0<=X<200",9,"existing paid","furniture/equipment",918,"<100","1<=X<4",4,"female div/dep/mar","none",1,"life insurance",30,"none","own",1,"skilled",1,"none","yes","bad"
603,"0<=X<200",24,"all paid","education",1837,"<100","4<=X<7",4,"female div/dep/mar","none",4,"no known property",34,"bank","for free",1,"unskilled resident",1,"none","yes","bad"
604,"no checking",36,"existing paid","furniture/equipment",3349,"<100","1<=X<4",4,"female div/dep/mar","none",2,"car",28,"none","own",1,"high qualif/self emp/mgmt",1,"yes","yes","bad"
608,"0<=X<200",36,"existing paid","radio/tv",2671,"100<=X<500","1<=X<4",4,"female div/dep/mar","co applicant",4,"no known property",50,"none","for free",1,"skilled",1,"none","yes","bad"
611,"<0",12,"existing paid","domestic appliance",741,"100<=X<500","unemployed",4,"female div/dep/mar","none",3,"life insurance",22,"none","own",1,"skilled",1,"none","yes","bad"
612,">=200",10,"existing paid","new car",1240,"100<=X<500",">=7",1,"female div/dep/mar","none",4,"no known property",48,"none","for free",1,"unskilled resident",2,"none","yes","bad"
615,"no checking",18,"delayed previously","furniture/equipment",1808,"<100","4<=X<7",4,"female div/dep/mar","none",1,"real estate",22,"none","own",1,"skilled",1,"none","yes","bad"
619,"0<=X<200",30,"existing paid","furniture/equipment",3441,"100<=X<500","1<=X<4",2,"female div/dep/mar","co applicant",4,"car",21,"none","rent",1,"skilled",1,"none","yes","bad"
622,"no checking",18,"critical/other existing credit","new car",1530,"<100","1<=X<4",3,"male single","none",2,"life insurance",32,"bank","own",2,"skilled",1,"none","yes","bad"
623,"no checking",48,"existing paid","business",3914,"no known savings","1<=X<4",4,"male div/sep","none",2,"real estate",38,"bank","own",1,"skilled",1,"none","yes","bad"
625,"<0",18,"existing paid","radio/tv",2600,"<100","1<=X<4",4,"male single","none",4,"no known property",65,"none","for free",2,"skilled",1,"none","yes","bad"
628,"0<=X<200",9,"all paid","new car",1437,"100<=X<500","4<=X<7",2,"male single","none",3,"no known property",29,"none","own",1,"skilled",1,"none","yes","bad"
632,"<0",18,"all paid","furniture/equipment",1553,"<100","1<=X<4",4,"male single","none",3,"car",44,"bank","own",1,"skilled",1,"none","yes","bad"
634,"no checking",9,"existing paid","furniture/equipment",1980,"<100","<1",2,"female div/dep/mar","co applicant",2,"car",19,"none","rent",2,"skilled",1,"none","yes","bad"
635,"0<=X<200",24,"existing paid","new car",1355,"<100","<1",3,"female div/dep/mar","none",4,"car",25,"none","own",1,"unskilled resident",1,"yes","yes","bad"
640,"<0",42,"delayed previously","radio/tv",4370,"<100","4<=X<7",3,"male single","none",2,"life insurance",26,"bank","own",2,"skilled",2,"yes","yes","bad"
641,"<0",18,"existing paid","education",750,"<100","unemployed",4,"female div/dep/mar","none",1,"real estate",27,"none","own",1,"unemp/unskilled non res",1,"none","yes","bad"
643,"no checking",15,"existing paid","education",4623,"100<=X<500","1<=X<4",3,"male single","none",2,"life insurance",40,"none","own",1,"high qualif/self emp/mgmt",1,"yes","yes","bad"
646,"no checking",36,"delayed previously","business",7980,"no known savings","<1",4,"male single","none",4,"car",27,"none","rent",2,"skilled",1,"yes","yes","bad"
648,"no checking",12,"existing paid","new car",1386,"500<=X<1000","1<=X<4",2,"female div/dep/mar","none",2,"life insurance",26,"none","own",1,"skilled",1,"none","yes","bad"
649,">=200",24,"existing paid","new car",947,"<100","4<=X<7",4,"male single","none",3,"no known property",38,"bank","for free",1,"skilled",2,"none","yes","bad"
650,"<0",12,"existing paid","education",684,"<100","1<=X<4",4,"male single","none",4,"car",40,"none","rent",1,"unskilled resident",2,"none","yes","bad"
652,"0<=X<200",12,"existing paid","furniture/equipment",1922,"<100","1<=X<4",4,"male single","none",2,"life insurance",37,"none","own",1,"unskilled resident",1,"none","yes","bad"
653,"<0",24,"existing paid","new car",2303,"<100",">=7",4,"male single","co applicant",1,"real estate",45,"none","own",1,"skilled",1,"none","yes","bad"
654,"0<=X<200",36,"delayed previously","new car",8086,"100<=X<500",">=7",2,"male single","none",4,"car",42,"none","own",4,"high qualif/self emp/mgmt",1,"yes","yes","bad"
657,"0<=X<200",12,"existing paid","new car",888,"<100",">=7",4,"male single","none",4,"car",41,"bank","own",1,"unskilled resident",2,"none","yes","bad"
662,"<0",12,"existing paid","new car",900,"no known savings","1<=X<4",4,"male mar/wid","none",2,"car",23,"none","own",1,"skilled",1,"none","yes","bad"
669,"<0",12,"critical/other existing credit","new car",4843,"<100",">=7",3,"male single","co applicant",4,"life insurance",43,"none","rent",2,"skilled",1,"yes","yes","bad"
675,"no checking",21,"delayed previously","business",2580,"500<=X<1000","<1",4,"male single","none",2,"real estate",41,"bank","own",1,"unskilled resident",2,"none","yes","bad"
678,"0<=X<200",72,"existing paid","radio/tv",5595,"100<=X<500","1<=X<4",2,"male mar/wid","none",2,"car",24,"none","own",1,"skilled",1,"none","yes","bad"
701,"no checking",12,"existing paid","furniture/equipment",1123,"500<=X<1000","1<=X<4",4,"female div/dep/mar","none",4,"car",29,"none","rent",1,"unskilled resident",1,"none","yes","bad"
702,"<0",48,"critical/other existing credit","used car",6331,"<100",">=7",4,"male single","none",4,"no known property",46,"none","for free",2,"skilled",1,"yes","yes","bad"
707,"0<=X<200",48,"existing paid","new car",6560,"100<=X<500","4<=X<7",3,"male single","none",2,"life insurance",24,"none","own",1,"skilled",1,"none","yes","bad"
708,"0<=X<200",12,"no credits/all paid","furniture/equipment",2969,"<100","<1",4,"female div/dep/mar","none",3,"life insurance",25,"none","rent",2,"skilled",1,"none","yes","bad"
712,"<0",6,"all paid","education",1198,"<100",">=7",4,"female div/dep/mar","none",4,"no known property",35,"none","for free",1,"skilled",1,"none","yes","bad"
715,"0<=X<200",60,"existing paid","new car",14027,"<100","4<=X<7",4,"male single","none",2,"no known property",27,"none","own",1,"high qualif/self emp/mgmt",1,"yes","yes","bad"
721,">=200",9,"no credits/all paid","radio/tv",1337,"<100","<1",4,"male single","none",2,"car",34,"none","own",2,"high qualif/self emp/mgmt",1,"yes","yes","bad"
722,"0<=X<200",6,"all paid","education",433,">=1000","<1",4,"female div/dep/mar","none",2,"life insurance",24,"bank","rent",1,"skilled",2,"none","yes","bad"
723,"<0",12,"existing paid","new car",1228,"<100","1<=X<4",4,"female div/dep/mar","none",2,"real estate",24,"none","own",1,"unskilled resident",1,"none","yes","bad"
725,"no checking",27,"existing paid","new car",2570,"<100","1<=X<4",3,"female div/dep/mar","none",3,"real estate",21,"none","rent",1,"skilled",1,"none","yes","bad"
728,"<0",18,"existing paid","radio/tv",1882,"<100","1<=X<4",4,"female div/dep/mar","none",4,"car",25,"bank","rent",2,"skilled",1,"none","yes","bad"
729,"0<=X<200",48,"all paid","business",6416,"<100",">=7",4,"female div/dep/mar","none",3,"no known property",59,"none","rent",1,"skilled",1,"none","yes","bad"
732,"<0",24,"existing paid","radio/tv",1987,"<100","1<=X<4",2,"male single","none",4,"real estate",21,"none","rent",1,"unskilled resident",2,"none","yes","bad"
737,"0<=X<200",24,"existing paid","used car",11560,"<100","1<=X<4",1,"female div/dep/mar","none",4,"car",23,"none","rent",2,"high qualif/self emp/mgmt",1,"none","yes","bad"
740,"0<=X<200",30,"no credits/all paid","business",4280,"100<=X<500","1<=X<4",4,"female div/dep/mar","none",4,"car",26,"none","rent",2,"unskilled resident",1,"none","yes","bad"
748,"<0",12,"existing paid","new car",1274,"<100","<1",3,"female div/dep/mar","none",1,"real estate",37,"none","own",1,"unskilled resident",1,"none","yes","bad"
752,"<0",18,"existing paid","new car",976,"<100","<1",1,"female div/dep/mar","none",2,"car",23,"none","own",1,"unskilled resident",1,"none","yes","bad"
755,"no checking",12,"delayed previously","repairs",1555,">=1000",">=7",4,"male single","none",4,"no known property",55,"none","for free",2,"skilled",2,"none","yes","bad"
756,"<0",24,"existing paid","new car",1285,"no known savings","4<=X<7",4,"female div/dep/mar","none",4,"no known property",32,"none","rent",1,"skilled",1,"none","yes","bad"
758,">=200",15,"critical/other existing credit","radio/tv",1271,"no known savings","1<=X<4",3,"male single","none",4,"no known property",39,"none","for free",2,"skilled",1,"yes","yes","bad"
760,"<0",12,"critical/other existing credit","new car",691,"<100",">=7",4,"male single","none",3,"life insurance",35,"none","own",2,"skilled",1,"none","yes","bad"
762,"<0",18,"critical/other existing credit","furniture/equipment",2124,"<100","1<=X<4",4,"female div/dep/mar","none",4,"real estate",24,"none","rent",2,"skilled",1,"none","yes","bad"
764,"no checking",21,"critical/other existing credit","new car",12680,"no known savings",">=7",4,"male single","none",4,"no known property",30,"none","for free",1,"high qualif/self emp/mgmt",1,"yes","yes","bad"
767,"<0",30,"existing paid","furniture/equipment",3108,"<100","<1",2,"male div/sep","none",4,"life insurance",31,"none","own",1,"unskilled resident",1,"none","yes","bad"
772,"<0",36,"critical/other existing credit","education",8065,"<100","1<=X<4",3,"female div/dep/mar","none",2,"no known property",25,"none","own",2,"high qualif/self emp/mgmt",1,"yes","yes","bad"
776,"<0",24,"existing paid","new car",1371,"no known savings","1<=X<4",4,"female div/dep/mar","none",4,"real estate",25,"none","rent",1,"skilled",1,"none","yes","bad"
781,"0<=X<200",39,"critical/other existing credit","radio/tv",4933,"<100","4<=X<7",2,"male single","guarantor",2,"real estate",25,"none","own",2,"skilled",1,"none","yes","bad"
784,"0<=X<200",12,"existing paid","new car",836,"100<=X<500","<1",4,"female div/dep/mar","none",2,"life insurance",23,"bank","own",1,"unskilled resident",1,"none","yes","bad"
789,"0<=X<200",48,"delayed previously","education",6224,"<100",">=7",4,"male single","none",4,"no known property",50,"none","for free",1,"skilled",1,"none","yes","bad"
790,"<0",40,"critical/other existing credit","education",5998,"<100","1<=X<4",4,"male single","none",3,"no known property",27,"bank","own",1,"skilled",1,"yes","yes","bad"
791,"0<=X<200",21,"existing paid","business",1188,"<100",">=7",2,"female div/dep/mar","none",4,"life insurance",39,"none","own",1,"skilled",2,"none","yes","bad"
797,"<0",18,"existing paid","used car",7511,"no known savings",">=7",1,"male single","none",4,"life insurance",51,"none","for free",1,"skilled",2,"yes","yes","bad"
806,"<0",36,"existing paid","new car",9271,"<100","4<=X<7",2,"male single","none",1,"car",24,"none","own",1,"skilled",1,"yes","yes","bad"
810,"0<=X<200",15,"no credits/all paid","new car",1778,"<100","<1",2,"female div/dep/mar","none",1,"real estate",26,"none","rent",2,"unemp/unskilled non res",1,"none","yes","bad"
813,"<0",36,"critical/other existing credit","used car",9629,"<100","4<=X<7",4,"male single","none",4,"car",24,"none","own",2,"skilled",1,"yes","yes","bad"
814,"<0",48,"existing paid","domestic appliance",3051,"<100","1<=X<4",3,"male single","none",4,"car",54,"none","own",1,"skilled",1,"none","yes","bad"
815,"<0",48,"existing paid","new car",3931,"<100","4<=X<7",4,"male single","none",4,"no known property",46,"none","for free",1,"skilled",2,"none","yes","bad"
820,"<0",18,"existing paid","radio/tv",1345,"<100","1<=X<4",4,"male mar/wid","none",3,"real estate",26,"bank","own",1,"skilled",1,"none","yes","bad"
823,"<0",36,"existing paid","furniture/equipment",2712,"<100",">=7",2,"male single","none",2,"life insurance",41,"bank","own",1,"skilled",2,"none","yes","bad"
827,"<0",18,"critical/other existing credit","new car",3966,"<100",">=7",1,"female div/dep/mar","none",4,"real estate",33,"bank","rent",3,"skilled",1,"yes","yes","bad"
828,"no checking",18,"no credits/all paid","business",4165,"<100","1<=X<4",2,"male single","none",2,"car",36,"stores","own",2,"skilled",2,"none","yes","bad"
829,"<0",36,"existing paid","used car",8335,"no known savings",">=7",3,"male single","none",4,"no known property",47,"none","for free",1,"skilled",1,"none","yes","bad"
832,"<0",18,"existing paid","new car",1216,"<100","<1",4,"female div/dep/mar","none",3,"car",23,"none","rent",1,"skilled",1,"yes","yes","bad"
833,"<0",45,"no credits/all paid","business",11816,"<100",">=7",2,"male single","none",4,"car",29,"none","rent",2,"skilled",1,"none","yes","bad"
835,">=200",15,"existing paid","radio/tv",2327,"<100","<1",2,"female div/dep/mar","none",3,"real estate",25,"none","own",1,"unskilled resident",1,"none","yes","bad"
836,"<0",12,"no credits/all paid","new car",1082,"<100","1<=X<4",4,"male single","none",4,"car",48,"bank","own",2,"skilled",1,"none","yes","bad"
841,"<0",36,"existing paid","furniture/equipment",5179,"<100","4<=X<7",4,"male single","none",2,"life insurance",29,"none","own",1,"skilled",1,"none","yes","bad"
843,"no checking",18,"existing paid","repairs",1943,"<100","<1",4,"female div/dep/mar","none",4,"real estate",23,"none","own",1,"skilled",1,"none","yes","bad"
847,"no checking",18,"existing paid","new car",6761,"no known savings","1<=X<4",2,"male single","none",4,"car",68,"none","rent",2,"skilled",1,"none","yes","bad"
850,"<0",12,"existing paid","radio/tv",709,"<100",">=7",4,"male single","none",4,"real estate",57,"stores","own",1,"unskilled resident",1,"none","yes","bad"
851,"<0",20,"critical/other existing credit","new car",2235,"<100","1<=X<4",4,"male mar/wid","guarantor",2,"life insurance",33,"bank","rent",2,"skilled",1,"none","no","bad"
854,"<0",18,"all paid","new car",1442,"<100","4<=X<7",4,"male single","none",4,"no known property",32,"none","for free",2,"unskilled resident",2,"none","yes","bad"
859,"<0",15,"existing paid","new car",3959,"<100","1<=X<4",3,"female div/dep/mar","none",2,"life insurance",29,"none","own",1,"skilled",1,"yes","yes","bad"
862,"no checking",18,"delayed previously","business",2169,"<100","1<=X<4",4,"male mar/wid","none",2,"car",28,"none","own",1,"skilled",1,"yes","yes","bad"
863,"<0",24,"existing paid","radio/tv",2439,"<100","<1",4,"female div/dep/mar","none",4,"real estate",35,"none","own",1,"skilled",1,"yes","yes","bad"
865,"no checking",10,"existing paid","furniture/equipment",2210,"<100","1<=X<4",2,"male single","none",2,"real estate",25,"bank","rent",1,"unskilled resident",1,"none","yes","bad"
879,"<0",9,"existing paid","new car",1422,"<100","<1",3,"male single","none",2,"no known property",27,"none","for free",1,"high qualif/self emp/mgmt",1,"yes","yes","bad"
885,"0<=X<200",24,"existing paid","furniture/equipment",4057,"<100","4<=X<7",3,"male div/sep","none",3,"car",43,"none","own",1,"skilled",1,"yes","yes","bad"
886,"<0",12,"existing paid","education",795,"<100","<1",4,"female div/dep/mar","none",4,"life insurance",53,"none","own",1,"skilled",1,"none","yes","bad"
888,"0<=X<200",48,"existing paid","business",15672,"<100","1<=X<4",2,"male single","none",2,"car",23,"none","own",1,"skilled",1,"yes","yes","bad"
900,"<0",18,"existing paid","furniture/equipment",4153,"<100","1<=X<4",2,"male single","co applicant",3,"car",42,"none","own",1,"skilled",1,"none","yes","bad"
901,"<0",16,"critical/other existing credit","new car",2625,"<100",">=7",2,"male single","guarantor",4,"life insurance",43,"bank","rent",1,"skilled",1,"yes","yes","bad"
912,"0<=X<200",24,"critical/other existing credit","furniture/equipment",4736,"<100","<1",2,"female div/dep/mar","none",4,"car",25,"bank","own",1,"unskilled resident",1,"none","yes","bad"
915,"<0",24,"all paid","business",3161,"<100","1<=X<4",4,"male single","none",2,"life insurance",31,"none","rent",1,"skilled",1,"yes","yes","bad"
916,"0<=X<200",48,"no credits/all paid","other",18424,"<100","1<=X<4",1,"female div/dep/mar","none",2,"life insurance",32,"bank","own",1,"high qualif/self emp/mgmt",1,"yes","no","bad"
918,"<0",6,"existing paid","new car",14896,"<100",">=7",1,"male single","none",4,"no known property",68,"bank","own",1,"high qualif/self emp/mgmt",1,"yes","yes","bad"
919,"<0",24,"existing paid","furniture/equipment",2359,"100<=X<500","unemployed",1,"male div/sep","none",1,"life insurance",33,"none","own",1,"skilled",1,"none","yes","bad"
920,"<0",24,"existing paid","furniture/equipment",3345,"<100",">=7",4,"male single","none",2,"life insurance",39,"none","rent",1,"high qualif/self emp/mgmt",1,"yes","yes","bad"
923,"<0",9,"existing paid","radio/tv",1366,"<100","<1",3,"female div/dep/mar","none",4,"life insurance",22,"none","rent",1,"skilled",1,"none","yes","bad"
925,"<0",24,"all paid","furniture/equipment",6872,"<100","<1",2,"male div/sep","none",1,"life insurance",55,"bank","own",1,"skilled",1,"yes","yes","bad"
926,"<0",12,"all paid","new car",697,"<100","<1",4,"male single","none",2,"car",46,"bank","own",2,"skilled",1,"yes","yes","bad"
928,"<0",48,"existing paid","used car",10297,"<100","4<=X<7",4,"male single","none",4,"no known property",39,"stores","for free",3,"skilled",2,"yes","yes","bad"
932,"0<=X<200",9,"existing paid","radio/tv",1670,"<100","<1",4,"female div/dep/mar","none",2,"car",22,"none","own",1,"skilled",1,"yes","yes","bad"
936,"0<=X<200",30,"delayed previously","radio/tv",1919,"100<=X<500","<1",4,"male single","none",3,"no known property",30,"stores","own",2,"high qualif/self emp/mgmt",1,"none","yes","bad"
937,">=200",9,"existing paid","radio/tv",745,"<100","1<=X<4",3,"female div/dep/mar","none",2,"real estate",28,"none","own",1,"unskilled resident",1,"none","yes","bad"
939,"0<=X<200",60,"existing paid","education",6288,"<100","1<=X<4",4,"male single","none",4,"no known property",42,"none","for free",1,"skilled",1,"none","yes","bad"
947,"<0",24,"all paid","furniture/equipment",3349,"500<=X<1000","<1",4,"male single","none",4,"no known property",30,"none","for free",1,"skilled",2,"yes","yes","bad"
949,"no checking",18,"existing paid","furniture/equipment",1533,"<100","<1",4,"male mar/wid","co applicant",1,"life insurance",43,"none","own",1,"unskilled resident",2,"none","yes","bad"
950,"no checking",24,"existing paid","radio/tv",3621,"100<=X<500",">=7",2,"male single","none",4,"car",31,"none","own",2,"skilled",1,"none","yes","bad"
952,"<0",36,"delayed previously","business",2145,"<100","4<=X<7",2,"male single","none",1,"car",24,"none","own",2,"skilled",1,"yes","yes","bad"
953,"0<=X<200",24,"existing paid","used car",4113,"500<=X<1000","<1",3,"female div/dep/mar","none",4,"car",28,"none","rent",1,"skilled",1,"none","yes","bad"
954,"no checking",36,"existing paid","furniture/equipment",10974,"<100","unemployed",4,"female div/dep/mar","none",2,"car",26,"none","own",2,"high qualif/self emp/mgmt",1,"yes","yes","bad"
959,"<0",28,"existing paid","new car",4006,"<100","1<=X<4",3,"male single","none",2,"car",45,"none","own",1,"unskilled resident",1,"none","yes","bad"
964,"no checking",24,"existing paid","radio/tv",2397,"500<=X<1000",">=7",3,"male single","none",2,"car",35,"bank","own",2,"skilled",1,"yes","yes","bad"
967,"0<=X<200",27,"critical/other existing credit","radio/tv",2520,"500<=X<1000","1<=X<4",4,"male single","none",2,"life insurance",23,"none","own",2,"unskilled resident",1,"none","yes","bad"
973,"<0",24,"all paid","new car",1193,"<100","unemployed",1,"female div/dep/mar","co applicant",4,"no known property",29,"none","rent",2,"unemp/unskilled non res",1,"none","yes","bad"
974,"<0",60,"existing paid","business",7297,"<100",">=7",4,"male single","co applicant",4,"no known property",36,"none","rent",1,"skilled",1,"none","yes","bad"
979,"no checking",24,"delayed previously","new car",2538,"<100",">=7",4,"male single","none",4,"car",47,"none","own",2,"unskilled resident",2,"none","yes","bad"
980,"0<=X<200",15,"all paid","new car",1264,"100<=X<500","1<=X<4",2,"male mar/wid","none",2,"life insurance",25,"none","rent",1,"skilled",1,"none","yes","bad"
981,"0<=X<200",30,"critical/other existing credit","furniture/equipment",8386,"<100","4<=X<7",2,"male single","none",2,"life insurance",49,"none","own",1,"skilled",1,"none","yes","bad"
982,"no checking",48,"existing paid","business",4844,"<100","unemployed",3,"male single","none",2,"car",33,"bank","rent",1,"high qualif/self emp/mgmt",1,"yes","yes","bad"
984,"<0",36,"existing paid","used car",8229,"<100","1<=X<4",2,"male single","none",2,"life insurance",26,"none","own",1,"skilled",2,"none","yes","bad"
999,"<0",45,"existing paid","radio/tv",1845,"<100","1<=X<4",4,"male single","none",4,"no known property",23,"none","for free",1,"skilled",1,"yes","yes","bad"
